{"cameraMode":{"drawMode":0,"name":"Shaded","section":"Shading Mode"},"sceneLighting":true,"audioPlay":false,"sceneViewState":{"m_AlwaysRefresh":false,"showFog":true,"showSkybox":true,"showFlares":true,"showImageEffects":true,"showParticleSystems":true,"showVisualEffectGraphs":true,"m_FxEnabled":true},"in2DMode":false,"pivot":{"x":916.1694946289063,"y":416.0630187988281,"z":-70.05416870117188},"rotation":{"x":0.03268103301525116,"y":-0.014394575729966164,"z":-0.0004710635112132877,"w":-0.999366283416748},"size":413.9022521972656,"orthographic":false}