{"cameraMode":{"drawMode":0,"name":"Shaded","section":"Shading Mode"},"sceneLighting":true,"audioPlay":false,"sceneViewState":{"m_AlwaysRefresh":false,"showFog":true,"showSkybox":true,"showFlares":true,"showImageEffects":true,"showParticleSystems":true,"showVisualEffectGraphs":true,"m_FxEnabled":true},"in2DMode":false,"pivot":{"x":-1.6917346715927125,"y":-0.5182137489318848,"z":-1.5918952226638795},"rotation":{"x":-0.3152307868003845,"y":0.01365446113049984,"z":-0.004491639323532581,"w":-0.9489808082580566},"size":9.555856704711914,"orthographic":false}